{"cameraMode":{"drawMode":0,"name":"Shaded","section":"Shading Mode"},"sceneLighting":false,"audioPlay":false,"sceneViewState":{"m_AlwaysRefresh":false,"showFog":true,"showSkybox":false,"showFlares":true,"showImageEffects":true,"showParticleSystems":true,"showVisualEffectGraphs":true,"m_FxEnabled":true},"in2DMode":false,"pivot":{"x":-0.07178252935409546,"y":0.6720552444458008,"z":0.17617952823638917},"rotation":{"x":-0.1053304672241211,"y":0.8897750973701477,"z":-0.35952135920524599,"w":-0.2606830596923828},"size":1.3068333864212037,"orthographic":false}